user,music
Dani De Vitto,Remnants
Dani De Vitto,Cirith Ungol
Dani De Vitto,Underture
Dani De Vitto,James Bond Theme
Dani De Vitto,"The Good, the Bad and the Ugly"
Dani De Vitto,Childhood (2)
Dani De Vitto,Samon
Dani De Vitto,The Ascent
Dani De Vitto,Dishes
Dani De Vitto,Lothlorien
Dani De Vitto,Mu-Tron
Dani De Vitto,We Put a Pearl in the Ground
Dani De Vitto,A Little Soul
Dani De Vitto,Black Flute
Dani De Vitto,Walk the Plank
Dani De Vitto,Blood Ritual
Dani De Vitto,Anagantios
Dani De Vitto,Soraya
Táinara Curu,Son Of Neckbone
Táinara Curu,Naval
Táinara Curu,Toad
Táinara Curu,Don't Go Down to Sorrow
Táinara Curu,Agent Orange
Táinara Curu,Swords Crossed
Táinara Curu,Svanire
Táinara Curu,Jet Son
Táinara Curu,Experience
Táinara Curu,Jager Yoga
Táinara Curu,Scotland's Shame
Táinara Curu,Song for Bob
Táinara Curu,Far Beyond The Sun
Táinara Curu,Allegro non molto
Táinara Curu,Guilty Of Love
Táinara Curu,Nashville Skyline Rag
Dioch war,Explosive
Dioch war,Death To Our Friends
Dioch war,Franz Schubert
Dioch war,Nemo Egg (Main Title)
Dioch war,Some Grass
Dioch war,The Deutsch Mark Is Coming
Dioch war,Toreador
Dioch war,Primer
Dioch war,Powerless
Dioch war,Thoroughly at Home
Dioch war,Song For Guy
Dioch war,Serenade
Dioch war,Promenade
Juju Souza,Freeway Jam
Juju Souza,Love Souvenir
Juju Souza,A Well Deserved Break
Jane Jupira,Iron Swallow
Jane Jupira,The Battle
Jane Jupira,14th St. Break
Jane Jupira,Flying
Jane Jupira,Popcorn
Jane Jupira,Tuba Mirum
Jane Jupira,Violent Life
Jane Jupira,Sawdust In The Blood
Jane Jupira,Because I Should
Brigith Pathorn,Oculus Ex Inferni
Brigith Pathorn,Progeny
Brigith Pathorn,Minimum Wage
Brigith Pathorn,Space Shanty
Brigith Pathorn,Mountainhead
Brigith Pathorn,Procession
Brigith Pathorn,Supervillain Theme
Brigith Pathorn,One Last Shot
Brigith Pathorn,Gil Sleeping
Brigith Pathorn,Chime Out
Brigith Pathorn,Youlogy
Brigith Pathorn,Golden Ratio
Brigith Pathorn,Assassins
Brigith Pathorn,Always Near
Brigith Pathorn,Wax Futures
Brigith Pathorn,Foxes Mate for Life
John Constantine,Suco De Tangerina
John Constantine,Turtle Turtle Up
John Constantine,"Damn Bugs Whacked Him, Johnny"
John Constantine,Adrift and at Peace
John Constantine,Viridian
John Constantine,Funeral March
John Constantine,Ogeechee Hymnal
John Constantine,The Universe!
John Constantine,A With Living
John Constantine,Weddings
John Constantine,Remnants
John Constantine,Cirith Ungol
John Constantine,Underture
John Constantine,James Bond Theme
John Constantine,"The Good, the Bad and the Ugly"
John Constantine,Childhood (2)
John Constantine,Samon
Tutam Camon,The Ascent
Tutam Camon,Dishes
Tutam Camon,Lothlorien
Tutam Camon,Mu-Tron
Tutam Camon,We Put a Pearl in the Ground
Tutam Camon,A Little Soul
Tutam Camon,Black Flute
Tutam Camon,Walk the Plank
Tutam Camon,Blood Ritual
Tutam Camon,Anagantios
Tutam Camon,Soraya
Tutam Camon,Son Of Neckbone
Tutam Camon,Naval
Tutam Camon,Toad
Tutam Camon,Don't Go Down to Sorrow
Tutam Camon,Agent Orange
Tutam Camon,Swords Crossed
Tutam Camon,Svanire
Cristine douts,Jet Son
Cristine douts,Experience
Cristine douts,Jager Yoga
Cristine douts,Scotland's Shame
Cristine douts,Song for Bob
Cristine douts,Far Beyond The Sun
Cristine douts,Allegro non molto
Cristine douts,Guilty Of Love
Cristine douts,Nashville Skyline Rag
Cristine douts,Explosive
Cristine douts,Death To Our Friends
Cristine douts,Franz Schubert
Cristine douts,Nemo Egg (Main Title)
Cristine douts,Some Grass
Cristine douts,The Deutsch Mark Is Coming
Cristine douts,Toreador
Cristine douts,Primer
Cristine douts,Powerless
Cristine douts,Thoroughly at Home
Cristine douts,Song For Guy
Cristine douts,Serenade
Cristine douts,Promenade
Cristine douts,Freeway Jam
Cristine douts,Love Souvenir
Cristine douts,A Well Deserved Break
Tristan Samurai,Iron Swallow
Tristan Samurai,The Battle
Tristan Samurai,14th St. Break
Tristan Samurai,Flying
Tristan Samurai,Popcorn
Tristan Samurai,Tuba Mirum
Tristan Samurai,Violent Life
Tristan Samurai,Sawdust In The Blood
Tristan Samurai,Because I Should
Tristan Samurai,Oculus Ex Inferni
Tristan Samurai,Progeny
Tristan Samurai,Minimum Wage
Tristan Samurai,Space Shanty
Tristan Samurai,Mountainhead
Tristan Samurai,Procession
Tristan Samurai,Supervillain Theme
Tristan Samurai,One Last Shot
Tristan Samurai,Gil Sleeping
Tristan Samurai,Chime Out
Tristan Samurai,Youlogy
Kutic Biacuia,Golden Ratio
Kutic Biacuia,Assassins
Kutic Biacuia,Always Near
Kutic Biacuia,Wax Futures
Kutic Biacuia,Foxes Mate for Life
Kutic Biacuia,Suco De Tangerina
Kutic Biacuia,Turtle Turtle Up
Kutic Biacuia,"Damn Bugs Whacked Him, Johnny"
Kutic Biacuia,Adrift and at Peace
Kutic Biacuia,Viridian
Kutic Biacuia,Funeral March
Kutic Biacuia,Ogeechee Hymnal
Kutic Biacuia,The Universe!
Kutic Biacuia,A With Living
Kutic Biacuia,Weddings
Kutic Biacuia,Ad Victoriam
Kutic Biacuia,Coward
Kutic Biacuia,The Price of Everything and the Value of Nothing
Kutic Biacuia,Andante con moto
Kutic Biacuia,Hawaii Five-O
Kutic Biacuia,Mammagamma
Kutic Biacuia,Fender Bender
Kutic Biacuia,Bucktown
Kutic Biacuia,Fear And Wonder
Kutic Biacuia,Cominagetcha
Kutic Biacuia,Namaste
Kutic Biacuia,Press Play
Kutic Biacuia,I Capture Castles
Kutic Biacuia,Kindred Spirits
Kutic Biacuia,Reality Dream II
Kutic Biacuia,The Traitor
Kutic Biacuia,The Three Of Us
Kutic Biacuia,The Voiceless
Kutic Biacuia,Dance Dance Dance
Kutic Biacuia,You Fly Me
Kutic Biacuia,Snookered
Kutic Biacuia,Bit 35
Kutic Biacuia,Reminiscences
Kutic Biacuia,The Gala Event
Kutic Biacuia,The Conspiracy of Seeds
Kutic Biacuia,Canto De Ossanha
Kutic Biacuia,Song of Solomon
Kutic Biacuia,A Decent Life
Kutic Biacuia,Tit Smoking in the Temple of Artesan Mimicry
Kutic Biacuia,Lost Wisdom
Kutic Biacuia,At the Left Hand Ov God
Kutic Biacuia,Jaktens Tid
Kutic Biacuia,Burn In Hell
Kutic Biacuia,The Sacrilegious Scorn
Roberval Chocolate,The Chosen Legacy
Roberval Chocolate,Tyrants
Roberval Chocolate,Cthulhu Dawn
Roberval Chocolate,The Pentagram Burns
Roberval Chocolate,Fiskarens Fiende
Roberval Chocolate,Gateways
Roberval Chocolate,Deathcrush
Roberval Chocolate,Down to Earth
Roberval Chocolate,Allegiance
Roberval Chocolate,K.I.N.G.
Roberval Chocolate,Slaying The Prophets Ov Isa
Roberval Chocolate,"Now, Diabolical"
Roberval Chocolate,Nocturnal
Roberval Chocolate,Sculpting The Throne Ov Seth
Roberval Chocolate,Eliytres
Roberval Chocolate,Suffering
Roberval Chocolate,Alma Mater
